,新闻
0,一、设立地级三沙市
1,国务院于近日批准，撤销海南省西沙群岛、南沙群岛、中沙群岛办事处，设立地级三沙市，管辖西沙群岛、中沙群岛、南沙群岛的岛礁及其海域。三沙市人民政府驻西沙永兴岛。
2,二、河北省唐山市部分行政区划调整
3,撤销唐海县，设立唐山市曹妃甸区，将唐山市丰南区滨海镇划归曹妃甸区管辖。以原唐海县和丰南区滨海镇的行政区域为曹妃甸区的行政区域。曹妃甸区人民政府驻唐海镇垦丰大街23号。
4,三、江苏省苏州市部分行政区划调整
5,撤销苏州市沧浪区、平江区、金阊区，设立苏州市姑苏区，以原沧浪区、平江区、金阊区的行政区域为姑苏区的行政区域。姑苏区人民政府驻苏锦街道平川路510号。
6,撤销县级吴江市，设立苏州市吴江区，以原县级吴江市的行政区域为吴江区的行政区域。吴江区人民政府驻滨湖街道人民路1000号。
7,四、安徽省马鞍山市部分行政区划调整
8,撤销马鞍山市金家庄区和花山区，设立新的花山区，以原金家庄区和花山区的行政区域为新的花山区的行政区域。花山区人民政府驻霍里街道秀山大道166号。
9,设立马鞍山市博望区。将当涂县的博望镇、丹阳镇、新市镇划归博望区管辖，以博望镇、丹阳镇、新市镇的行政区域为博望区的行政区域。博望区人民政府驻博望镇工贸路1号。
10,五、四川省雅安市部分行政区划调整
11,撤销名山县，设立雅安市名山区，以原名山县的行政区域为名山区的行政区域。名山区人民政府驻蒙阳镇茶都大道481号。
12,六、广东省广州市部分行政区划调整
13,将广州市番禺区的东涌镇、大岗镇、榄核镇划归广州市南沙区管辖。
14,七、山东省青岛市部分行政区划调整
15,撤销青岛市市北区、四方区，设立新的青岛市市北区，以原市北区、四方区的行政区域为新的市北区的行政区域。市北区人民政府驻敦化路街道延吉路80号。
16,撤销青岛市黄岛区、县级胶南市，设立新的青岛市黄岛区，以原青岛市黄岛区、县级胶南市的行政区域为新的黄岛区的行政区域。黄岛区人民政府驻隐珠街道深圳路181号。
17,八、贵州省贵阳市部分行政区划调整
18,撤销贵阳市花溪区、小河区，设立新的贵阳市花溪区，以原花溪区、小河区的行政区域为新的花溪区的行政区域。花溪区人民政府驻贵筑街道明珠大道192号。
19,设立贵阳市观山湖区，将贵阳市乌当区的金阳街道、金华镇、朱昌镇和清镇市的百花湖乡划归观山湖区管辖，以金阳街道、金华镇、朱昌镇、百花湖乡的行政区域为观山湖区的行政区域。观山湖区人民政府驻金阳街道北京西路8号。
20,九、西藏自治区设立双湖县
21,设立双湖县，将尼玛县的措折罗玛镇、协德乡、雅曲乡、嘎措乡、措折强玛乡、多玛乡、巴岭乡划归双湖县管辖，以措折罗玛镇、协德乡、雅曲乡、嘎措乡、措折强玛乡、多玛乡、巴岭乡的行政区域为双湖县的行政区域。双湖县人民政府驻多玛乡索嘎南路9号。双湖县由那曲地区管辖。
22,十、广东省清远市部分行政区划调整
23,撤销清新县，设立清远市清新区，以原清新县的行政区域为清新区的行政区域。清新区人民政府驻太和镇府前路3号。
24,十一、新疆维吾尔自治区设立县级阿拉山口市
25,设立县级阿拉山口市，管辖艾比湖街道、阿拉套街道，市人民政府驻阿拉套街道天山西街8号。阿拉山口市由博尔塔拉蒙古自治州管辖。
26,十二、新疆维吾尔自治区设立县级铁门关市
27,设立县级铁门关市。铁门关市人民政府驻兴疆路1号。铁门关市由新疆维吾尔自治区直辖，管理方式按有关文件规定执行。
28,十三、广东省揭阳市部分行政区划调整
29,撤销揭东县，设立揭阳市揭东区，将揭阳市榕城区的磐东街道划归揭东区管辖，以原揭东县（不含地都镇、砲台镇、登岗镇）和榕城区磐东街道的行政区域为揭东区的行政区域。揭东区人民政府驻曲溪街道金溪大道南侧1号。
30,将原揭东县的地都镇、砲台镇、登岗镇划归榕城区管辖。
31,十四、江苏省泰州市部分行政区划调整
32,撤销县级姜堰市，设立泰州市姜堰区，以原县级姜堰市的行政区域为姜堰区的行政区域。姜堰区人民政府驻姜堰镇上海路1号。
33,一、四川省巴中市部分行政区划调整
34,设立巴中市恩阳区。将巴中市巴州区的恩阳、玉山、茶坝、观音井、花丛、柳林、下八庙、渔溪、青木、三河场、三汇、上八庙12个镇，石城、兴隆场、关公、三星、舞凤、双胜、群乐、万安、尹家、九镇、玉井、义兴12个乡划归恩阳区管辖。以恩阳、玉山、茶坝、观音井、花丛、柳林、下八庙、渔溪、青木、三河场、三汇、上八庙12个镇，石城、兴隆场、关公、三星、舞凤、双胜、群乐、万安、尹家、九镇、玉井、义兴12个乡的行政区域为恩阳区的行政区域。恩阳区人民政府驻恩阳镇恩阳大道88号。
35,二、广西壮族自治区桂林市部分行政区划调整
36,撤销临桂县，设立桂林市临桂区，以原临桂县的行政区域为临桂区的行政区域。临桂区人民政府驻临桂镇兴临路1号。
37,桂林市人民政府驻地由象山区五美路16号迁至临桂区西城中路69号。
38,三、吉林省撤销扶余县设立县级扶余市
39,撤销扶余县，设立县级扶余市，以原扶余县的行政区域为扶余市的行政区域。扶余市人民政府驻三岔河镇春华路789号。扶余市由吉林省直辖，松原市代管。
40,四、云南省撤销弥勒县设立县级弥勒市
41,撤销弥勒县，设立县级弥勒市，以原弥勒县的行政区域为弥勒市的行政区域。弥勒市人民政府驻弥阳镇髯翁西路136号。弥勒市由红河哈尼族彝族自治州管辖。
42,五、四川省广安市部分行政区划调整
43,设立广安市前锋区。将广安市广安区的奎阁街道，前锋、代市、观塘、护安、广兴、观阁、桂兴7个镇，光辉、龙滩、小井、新桥、虎城5个乡划归前锋区管辖。以奎阁街道，前锋、代市、观塘、护安、广兴、观阁、桂兴7个镇，光辉、龙滩、小井、新桥、虎城5个乡的行政区域为前锋区的行政区域。前锋区人民政府驻前锋镇广前大道42号。
44,六、青海省撤销海东地区设立地级海东市
45,撤销海东地区和乐都县，设立地级海东市。海东市人民政府驻新设立的乐都区海东大道10号。
46,海东市设立乐都区，以原乐都县的行政区域为乐都区的行政区域。乐都区人民政府驻碾伯镇古城大街50号。
47,海东市辖平安县、民和回族土族自治县、互助土族自治县、化隆回族自治县、循化撒拉族自治县和新设立的乐都区。
48,七、江苏省南京市部分行政区划调整
49,撤销南京市秦淮区、白下区，设立新的南京市秦淮区，以原秦淮区、白下区的行政区域为新的秦淮区的行政区域。秦淮区人民政府驻五老村街道太平南路69号。
50,撤销南京市鼓楼区、下关区，设立新的南京市鼓楼区，以原鼓楼区、下关区的行政区域为新的鼓楼区的行政区域。鼓楼区人民政府驻宁海路街道山西路124号。
51,撤销溧水县，设立南京市溧水区，以原溧水县的行政区域为溧水区的行政区域。溧水区人民政府驻永阳镇大东门街68号。
52,撤销高淳县，设立南京市高淳区，以原高淳县的行政区域为高淳区的行政区域。高淳区人民政府驻淳溪镇镇兴路228号。
53,八、广西壮族自治区梧州市部分行政区划调整
54,撤销梧州市蝶山区、万秀区，设立新的梧州市万秀区。以原蝶山区和万秀区（不含旺甫镇）的行政区域为新的万秀区的行政区域。万秀区人民政府驻城南街道阜民路18号。
55,设立梧州市龙圩区。以苍梧县的龙圩镇、新地镇、广平镇、大坡镇的行政区域为龙圩区的行政区域。龙圩区人民政府驻龙圩镇政贤路18号。
56,将原万秀区的旺甫镇划归苍梧县管辖。苍梧县辖石桥镇、岭脚镇、京南镇、狮寨镇、六堡镇、木双镇、梨埠镇、沙头镇、旺甫镇。苍梧县人民政府驻地由龙圩镇政贤路18号迁至石桥镇东安街1号。
57,九、重庆市南岸区人民政府驻地迁移
58,重庆市南岸区人民政府驻地由南坪街道南城大道199号迁至长生桥镇广福大道1号。
59,十、内蒙古自治区扎赉诺尔区备案
60,扎赉诺尔矿区以呼伦贝尔市扎赉诺尔区备案，为县级行政区划建制，以扎赉诺尔矿区的管辖区域为扎赉诺尔区的行政区域。区人民政府驻第三街道新政街1号。
61,十一、四川省广元市元坝区更名为昭化区
62,广元市元坝区更名为昭化区。
63,十二、四川省达州市部分行政区划调整
64,撤销达县，设立达州市达川区。以原达县（不含碑庙镇、江陵镇、北山乡、安云乡、梓桐乡、金石乡、青宁乡、龙滩乡、檬双乡）的行政区域为达川区的行政区域。达川区人民政府驻南外镇通达东路288号。
65,将原达县的碑庙镇、江陵镇、北山乡、安云乡、梓桐乡、金石乡、青宁乡、龙滩乡、檬双乡划归达州市通川区管辖。
66,十三、广东省潮州市部分行政区划调整
67,撤销潮安县，设立潮州市潮安区。以原潮安县（不含磷溪镇、官塘镇、铁铺镇）的行政区域为潮安区的行政区域。潮安区人民政府驻庵埠镇潮安大道68号。
68,将原潮安县的磷溪镇、官塘镇、铁铺镇划归潮州市湘桥区管辖。
69,十四、广西壮族自治区玉林市部分行政区划调整
70,设立玉林市福绵区，将玉林市玉州区的福绵镇、成均镇、樟木镇、新桥镇、沙田镇、石和镇划归福绵区管辖，以福绵镇、成均镇、樟木镇、新桥镇、沙田镇、石和镇的行政区域为福绵区行政区域。福绵区人民政府驻福绵镇天河路1号。
71,十五、青海省撤销玉树县设立县级玉树市
72,撤销玉树县，设立县级玉树市，以原玉树县的行政区域为玉树市的行政区域。玉树市人民政府驻结古镇结古大道199号。玉树市由玉树藏族自治州管辖。
73,十六、浙江省绍兴市部分行政区划调整
74,撤销绍兴县，设立绍兴市柯桥区，以原绍兴县（不含孙端镇、陶堰镇、富盛镇）的行政区域为柯桥区的行政区域，柯桥区人民政府驻柯桥街道群贤路1661号。
75,撤销县级上虞市，设立绍兴市上虞区，以原上虞市的行政区域为上虞区的行政区域，上虞区人民政府驻百官街道市民大道987号。
76,将原绍兴县的孙端镇、陶堰镇、富盛镇划归绍兴市越城区管辖。
77,十七、广东省梅州市部分行政区划调整
78,撤销梅县，设立梅州市梅县区，以原梅县的行政区域为梅县区的行政区域。梅县区人民政府驻程江镇宪梓南路13号。
79,十八、江西省赣州市部分行政区划调整
80,撤销县级南康市，设立赣州市南康区，以原南康市（不含潭东镇、潭口镇）的行政区域为南康区的行政区域。南康区人民政府驻蓉江街道金赣大道1号。
81,将原县级南康市的潭东镇、潭口镇划归赣州市章贡区管辖。
82,十九、山东省济宁市部分行政区划调整
83,撤销济宁市市中区、任城区，设立新的任城区，以原市中区、任城区的行政区域为新设任城区的行政区域。任城区人民政府驻阜桥街道太白中路4号。
84,撤销兖州市，设立济宁市兖州区，以原兖州市的行政区域为兖州区的行政区域。兖州区人民政府驻龙桥街道九州中路99号。
85,一、山东省苍山县更名为兰陵县
86,苍山县更名为兰陵县。
87,二、广东省广州市部分行政区划调整
88,撤销广州市黄埔区、萝岗区，设立新的广州市黄埔区，以原黄埔区、萝岗区的行政区域为新的黄埔区的行政区域，黄埔区人民政府驻萝岗街道香雪三路1号。
89,撤销县级从化市，设立广州市从化区，以原从化市的行政区域为从化区的行政区域，从化区人民政府驻街口街道新城东路99号。
90,撤销县级增城市，设立广州市增城区，以原增城市的行政区域为增城区的行政区域，增城区人民政府驻荔城街道惠民路1号。
91,三、广东省茂名市部分行政区划调整
92,撤销茂名市茂港区和电白县，设立茂名市电白区，以原茂港区和电白县的行政区域为电白区的行政区域，电白区人民政府驻水东镇海滨大道1号。
93,四、山东省威海市部分行政区划调整
94,撤销县级文登市，设立威海市文登区，以原文登市(不含汪疃镇、苘山镇)的行政区域为文登区的行政区域，文登区人民政府驻天福街道文山路30号。
95,将原文登市的汪疃镇、苘山镇划归威海市环翠区管辖。
96,五、海南省三亚市部分行政区划调整
97,撤销三亚市海棠湾镇，设立三亚市海棠区，以原海棠湾镇的行政区域为海棠区的行政区域，海棠区人民政府驻新民路116号。
98,撤销三亚市吉阳镇，设立三亚市吉阳区，以原吉阳镇的行政区域为吉阳区的行政区域，吉阳区人民政府驻迎宾路483号。
99,撤销三亚市凤凰镇、天涯镇、育才镇，设立三亚市天涯区，以原凤凰镇、天涯镇、育才镇的行政区域为天涯区的行政区域，天涯区人民政府驻凤凰路319号。
100,撤销三亚市崖城镇，设立三亚市崖州区，以原崖城镇的行政区域为崖州区的行政区域，崖州区人民政府驻水南大道288号。
101,六、新疆维吾尔自治区设立县级双河市
102,设立县级双河市。双河市人民政府驻红星二路9号。双河市由新疆维吾尔自治区直辖，管理方式按有关文件规定执行。
103,七、黑龙江省哈尔滨市部分行政区划调整
104,撤销县级双城市，设立哈尔滨市双城区，以原双城市的行政区域为双城区的行政区域，双城区人民政府驻双城镇新兴大街99号。
105,八、江苏省连云港市部分行政区划调整
106,撤销连云港市新浦区、海州区，设立新的连云港市海州区，以原新浦区、海州区的行政区域为新的海州区的行政区域，海州区人民政府驻浦东街道民主中路177号。
107,撤销赣榆县，设立连云港市赣榆区，以原赣榆县的行政区域为赣榆区的行政区域，赣榆区人民政府驻青口镇琴岛路2号。
108,九、福建省南平市部分行政区划调整
109,撤销县级建阳市，设立南平市建阳区，以原建阳市的行政区域为建阳区的行政区域，建阳区人民政府驻潭城街道人民路28号。
110,南平市人民政府驻地由延平区八一路439号迁至建阳区南林大街36号。
111,十、重庆市部分行政区划调整
112,撤销璧山县，设立重庆市璧山区，以原璧山县的行政区域为璧山区的行政区域，璧山区人民政府驻璧城街道解放路44号。
113,撤销铜梁县，设立重庆市铜梁区，以原铜梁县的行政区域为铜梁区的行政区域，铜梁区人民政府驻巴川街道龙都路50号。
114,十一、辽宁省沈阳市东陵区更名为浑南区
115,沈阳市东陵区更名为浑南区。
116,十二、西藏自治区撤销日喀则地区设立地级日喀则市
117,撤销日喀则地区和县级日喀则市，设立地级日喀则市。日喀则市人民政府驻新设立的桑珠孜区山东北路4号。
118,日喀则市设立桑珠孜区，以原县级日喀则市的行政区域为日喀则市桑珠孜区的行政区域。桑珠孜区人民政府驻城南街道吉林南路4号。
119,日喀则市辖原日喀则地区的南木林县、江孜县、定日县、萨迦县、拉孜县、昂仁县、谢通门县、白朗县、仁布县、康马县、定结县、仲巴县、亚东县、吉隆县、聂拉木县、萨嘎县、岗巴县和新设立的桑珠孜区。
120,十三、新疆维吾尔自治区设立县级霍尔果斯市
121,设立县级霍尔果斯市，由伊犁哈萨克自治州管辖。霍尔果斯市人民政府驻陇海路3号。
122,十四、新疆维吾尔自治区调整图木舒克市与喀什地区疏勒县、疏附县、克孜勒苏柯尔克孜自治州阿克陶县行政区划
123,将喀什地区疏勒县巴合齐乡部分区域、塔孜洪乡部分区域，疏附县布拉克苏乡部分区域，克孜勒苏柯尔克孜自治州阿克陶县皮拉勒乡部分区域划归图木舒克市管辖。
124,十五、湖北省十堰市部分行政区划调整
125,撤销郧县，设立十堰市郧阳区，以原郧县的行政区域为郧阳区的行政区域，郧阳区人民政府驻城关镇金沙路1号。
126,十六、山东省调整滨州市部分行政区划
127,撤销沾化县，设立滨州市沾化区，以原沾化县的行政区域为沾化区的行政区域，沾化区人民政府驻富国街道金海五路166号。
128,十七、广东省云浮市部分行政区划调整
129,撤销云安县，设立云浮市云安区，将云浮市云城区的都杨镇划归云安区管辖，以原云安县（不含前锋镇、南盛镇）和云城区都杨镇的行政区域为云安区的行政区域。
130,将原云安县的前锋镇、南盛镇划归云城区管辖。
131,十八、河南省开封市部分行政区划调整
132,撤销开封市龙亭区、金明区，设立新的开封市龙亭区，以原龙亭区、金明区行政区域为新的龙亭区的行政区域，龙亭区人民政府驻午朝门街道体育路16号。
133,撤销开封县，设立开封市祥符区，以原开封县的行政区域为祥符区的行政区域，祥符区人民政府驻城关镇县府东街18号。
134,十九、河北省石家庄市部分行政区划调整
135,撤销石家庄市桥东区。将原桥东区的中山东路、阜康、建安、胜北4个街道和桃园镇划归石家庄市长安区管辖；将原桥东区的东华、休门、彭后、东风、汇通5个街道划归石家庄市桥西区管辖。
136,撤销县级藁城市，设立石家庄市藁城区，以原藁城市的行政区域为藁城区的行政区域，藁城区人民政府驻廉州镇廉州西路2号。
137,撤销县级鹿泉市，设立石家庄市鹿泉区，以原鹿泉市的行政区域为鹿泉区的行政区域，鹿泉区人民政府驻获鹿镇镇宁路6号。
138,撤销栾城县，设立石家庄市栾城区，以原栾城县的行政区域为栾城区的行政区域，栾城区人民政府驻栾城镇裕泰路9号。
139,二十、山东省德州市部分行政区划调整
140,撤销陵县，设立德州市陵城区，以原陵县的行政区域为陵城区的行政区域，陵城区人民政府驻临齐街道中兴路155号。
141,二十一、四川省眉山市部分行政区划调整
142,撤销彭山县，设立眉山市彭山区，以原彭山县的行政区域为彭山区的行政区域，彭山区人民政府驻凤鸣镇西街98号。
143,二十二、广东省阳江市部分行政区划调整
144,撤销阳东县，设立阳江市阳东区，以原阳东县的行政区域为阳东区的行政区域，阳东区人民政府驻东城镇德政路1号。
145,二十三、吉林省长春市部分行政区划调整
146,撤销县级九台市，设立长春市九台区，以原九台市的行政区域为九台区的行政区域，九台区人民政府驻九台街道九台大街67号。
147,二十四、西藏自治区撤销昌都地区设立地级昌都市
148,撤销昌都地区和昌都县，设立地级昌都市。昌都市人民政府驻新设立的卡若区昌都西路378号。
149,昌都市设立卡若区，以原昌都县的行政区域为昌都市卡若区的行政区域，卡若区人民政府驻城关镇昌都中路259号。
150,昌都市辖原昌都地区的江达县、贡觉县、类乌齐县、丁青县、察雅县、八宿县、左贡县、芒康县、洛隆县、边坝县和新设立的卡若区。
151,二十五、浙江省杭州市部分行政区划调整
152,撤销县级富阳市，设立杭州市富阳区，以原富阳市的行政区域为富阳区的行政区域，富阳区人民政府驻富春街道桂花路25号。
153,二十六、陕西省西安市部分行政区划调整
154,撤销高陵县，设立西安市高陵区，以原高陵县的行政区域为高陵区的行政区域，高陵区人民政府驻鹿苑街道县门街29号。
155,二十七、福建省龙岩市部分行政区划调整
156,撤销永定县，设立龙岩市永定区，以原永定县的行政区域为永定区的行政区域，永定区人民政府驻凤城镇九一街西路2号。
157,二十八、贵州省安顺市部分行政区划调整
158,撤销平坝县，设立安顺市平坝区，以原平坝县的行政区域为平坝区的行政区域，平坝区人民政府驻安平街道中山南路58号。
159,二十九、民政部云南省撤销香格里拉县设立县级香格里拉市
160,撤销香格里拉县，设立县级香格里拉市，以原香格里拉县的行政区域为香格里拉市的行政区域，香格里拉市人民政府驻建塘镇金沙路22号。
161,一、广西壮族自治区南宁市部分行政区划调整
162,撤销武鸣县，设立南宁市武鸣区，以原武鸣县的行政区域为武鸣区的行政区域，武鸣区人民政府驻城厢镇兴武大道245号。
163,二、江西省上饶市部分行政区划调整
164,撤销广丰县，设立上饶市广丰区，以原广丰县的行政区域为广丰区的行政区域，广丰区人民政府驻永丰街道府前街1号。
165,三、青海省海东市部分行政区划调整
166,撤销平安县，设立海东市平安区，以原平安县的行政区域为平安区的行政区域，平安区人民政府驻平安镇平安大道199号。
167,四、河南省三门峡市部分行政区划调整
168,撤销陕县，设立三门峡市陕州区，以原陕县的行政区域为陕州区的行政区域，陕州区人民政府驻大营镇陕州大道18号。
169,五、四川省撤销康定县设立县级康定市
170,撤销康定县，设立县级康定市，以原康定县的行政区域为康定市的行政区域。康定市人民政府驻炉城镇茶马路1号。康定市由甘孜藏族自治州管辖。
171,六、海南省儋州市行政区划调整
172,撤销县级儋州市，设立地级儋州市，以原县级儋州市的行政区域为地级儋州市的行政区域，儋州市人民政府驻那大镇中兴大街中1号。
173,七、西藏自治区撤销林芝地区设立地级林芝市
174,撤销林芝地区和林芝县，设立地级林芝市，市人民政府驻新设立的巴宜区广福大道18号。
175,林芝市设立巴宜区，以原林芝县的行政区域为巴宜区的行政区域，区人民政府驻双拥路街道尼池路4号。
176,林芝市辖原林芝地区的工布江达县、米林县、墨脱县、波密县、察隅县、朗县和新设立的巴宜区。
177,八、新疆维吾尔自治区撤销吐鲁番地区设立地级吐鲁番市
178,撤销吐鲁番地区和县级吐鲁番市，设立地级吐鲁番市，市人民政府驻新设立的高昌区绿洲东路495号。
179,吐鲁番市设立高昌区，以原县级吐鲁番市的行政区域为高昌区的行政区域，区人民政府驻老城路街道老城东路690号。
180,吐鲁番市辖原吐鲁番地区的鄯善县、托克逊县和新设立的高昌区。
181,九、新疆维吾尔自治区设立县级可克达拉市
182,设立县级可克达拉市。可克达拉市人民政府驻幸福路1号。可克达拉市由新疆维吾尔自治区直辖，管理方式按有关文件规定执行。
183,十、河北省保定市部分行政区划调整
184,撤销保定市北市区、南市区，设立保定市莲池区，以原北市区、南市区的行政区域为莲池区的行政区域，莲池区人民政府驻五四路街道七一中路789号。
185,撤销满城县，设立保定市满城区，以原满城县的行政区域为满城区的行政区域，满城区人民政府驻满城镇中山西路1号。
186,撤销清苑县，设立保定市清苑区，以原清苑县的行政区域为清苑区的行政区域，清苑区人民政府驻清苑镇迎宾中街301号。
187,撤销徐水县，设立保定市徐水区，以原徐水县的行政区域为徐水区的行政区域，徐水区人民政府驻安肃镇永兴中路11号。
188,保定市新市区更名为竞秀区。
189,十一、重庆市部分行政区划调整
190,撤销潼南县，设立重庆市潼南区，以原潼南县的行政区域为潼南区的行政区域，潼南区人民政府驻桂林街道兴潼大道108号。
191,撤销荣昌县，设立重庆市荣昌区，以原荣昌县的行政区域为荣昌区的行政区域，荣昌区人民政府驻昌元街道人民路2号。
192,十二、江苏省常州市部分行政区划调整
193,撤销常州市武进区和戚墅堰区，设立新的武进区，以原武进区（不含奔牛镇、郑陆镇、邹区镇）和戚墅堰区的行政区域为新设立的武进区的行政区域，武进区人民政府驻湖塘镇延政中大道28号。
194,撤销县级金坛市，设立常州市金坛区，以原金坛市的行政区域为金坛区的行政区域，金坛区人民政府驻西城街道华阳南路88号。
195,将原武进区的奔牛镇划归常州市新北区管辖，将原武进区的郑陆镇划归常州市天宁区管辖，将原武进区的邹区镇划归常州市钟楼区管辖。
196,十三、广东省肇庆市部分行政区划调整
197,撤销高要市，设立肇庆市高要区，以原高要市的行政区域为高要区的行政区域，高要区人民政府驻南岸街道府前大街25号。
198,十四、天津市部分行政区划调整
199,撤销宁河县，设立天津市宁河区，以原宁河县的行政区域为宁河区的行政区域，宁河区人民政府驻芦台镇光明路76号。
200,撤销静海县，设立天津市静海区，以原静海县的行政区域为静海区的行政区域，静海区人民政府驻静海镇迎宾大道99号。
201,十五、江苏省盐城市部分行政区划调整
202,撤销县级大丰市，设立盐城市大丰区，以原大丰市的行政区域为大丰区的行政区域，大丰区人民政府驻大中镇大华东路1号。
203,十六、河北省秦皇岛市部分行政区划调整
204,撤销抚宁县，设立秦皇岛市抚宁区，以原抚宁县的行政区域（不含石门寨镇、驻操营镇、杜庄镇、牛头崖镇）为抚宁区的行政区域，抚宁区人民政府驻抚宁镇金山大街2号。
205,将原抚宁县的石门寨镇、驻操营镇、杜庄镇划归秦皇岛市海港区管辖，将原抚宁县的牛头崖镇划归秦皇岛市北戴河区管辖。
206,十七、浙江省温州市部分行政区划调整
207,撤销洞头县，设立温州市洞头区，将温州市龙湾区灵昆街道划归洞头区管辖。以原洞头县和龙湾区灵昆街道的行政区域为洞头区的行政区域，洞头区人民政府驻北岙街道县前路12号。
208,十八、江西省南昌市部分行政区划调整
209,撤销新建县，设立南昌市新建区，以原新建县的行政区域为新建区的行政区域，新建区人民政府驻长堎镇新建大道239号。
210,十九、广西壮族自治区撤销靖西县设立县级靖西市
211,撤销靖西县，设立县级靖西市，以原靖西县的行政区域为靖西市的行政区域，靖西市人民政府驻新靖镇新华街339号。靖西市由广西壮族自治区直辖，百色市代管。
212,二十、云南省撤销腾冲县设立县级腾冲市
213,撤销腾冲县，设立县级腾冲市，以原腾冲县的行政区域为腾冲市的行政区域，腾冲市人民政府驻腾越镇山源社区官厅小区81号。腾冲市由云南省直辖，保山市代管。
214,二十一、辽宁省沈阳市人民政府驻地迁移
215,沈阳市人民政府驻地由沈阳市沈河区市府大路260号迁至沈阳市浑南区沈中大街206-3号市规划大厦3号楼。
216,二十二、安徽省铜陵市六安市安庆市部分行政区划调整
217,将安庆市枞阳县划归铜陵市管辖。
218,撤销铜陵市铜官山区、狮子山区，设立铜陵市铜官区，以原铜官山区、狮子山区的行政区域为铜官区的行政区域，铜官区人民政府驻乌木山社区木鱼山大道666号。
219,设立六安市叶集区，将霍邱县的叶集镇、三元镇、孙岗乡划归叶集区管辖，以叶集镇、三元镇、孙岗乡的行政区域为叶集区的行政区域，叶集区人民政府驻叶集镇花园路88号。
220,二十三、北京市部分行政区划调整
221,撤销密云县，设立北京市密云区，以原密云县的行政区域为密云区的行政区域，密云区人民政府驻鼓楼街道鼓楼西大街3号。
222,撤销延庆县，设立北京市延庆区，以原延庆县的行政区域为延庆区的行政区域，延庆区人民政府驻儒林街道湖北西路1号。
223,二十四、上海市部分行政区划调整
224,撤销上海市闸北区、静安区，设立新的上海市静安区，以原闸北区、静安区的行政区域为新的静安区的行政区域，静安区人民政府驻江宁路街道常德路370号。
225,二十五、江苏省无锡市部分行政区划调整
226,撤销无锡市崇安区、南长区、北塘区，设立无锡市梁溪区，以原崇安区、南长区、北塘区的行政区域为梁溪区的行政区域，梁溪区人民政府驻崇安寺街道解放南路688号。
227,设立无锡市新吴区，将无锡市锡山区的鸿山街道和滨湖区的江溪、旺庄、硕放、梅村、新安5个街道划归新吴区管辖，以鸿山、江溪、旺庄、硕放、梅村、新安6个街道的行政区域为新吴区的行政区域，新吴区人民政府驻新安街道和风路28号。
228,二十六、西藏自治区拉萨市部分行政区划调整
229,撤销堆龙德庆县，设立拉萨市堆龙德庆区，以原堆龙德庆县的行政区域为堆龙德庆区的行政区域，堆龙德庆区人民政府驻东嘎镇团结路1号。
230,二十七、陕西省渭南市部分行政区划调整
231,撤销华县，设立渭南市华州区，以原华县的行政区域为华州区的行政区域，华州区人民政府驻华州街道新华大街1号。
232,二十八、辽宁省大连市部分行政区划调整
233,撤销县级普兰店市，设立大连市普兰店区，以原普兰店市的行政区域为普兰店区的行政区域，普兰店区人民政府驻南山街道府前路12号。
234,二十九、四川省撤销马尔康县设立县级马尔康市
235,撤销马尔康县，设立县级马尔康市，以原马尔康县的行政区域为马尔康市的行政区域。马尔康市人民政府驻马尔康镇达萨街299号。马尔康市由阿坝藏族羌族自治州管辖。
236,三十、安徽省六安市淮南市铜陵市部分行政区划调整
237,将六安市寿县划归淮南市管辖。
238,撤销铜陵县，设立铜陵市义安区，以原铜陵县的行政区域为义安区的行政区域，义安区人民政府驻五松镇人民大道95号。
239,三十一、四川省成都市部分行政区划调整
240,撤销双流县，设立成都市双流区，以原双流县的行政区域为双流区的行政区域，双流区人民政府驻东升街道顺城街1号。
241,三十二、云南省玉溪市部分行政区划调整
242,撤销江川县，设立玉溪市江川区，以原江川县的行政区域为江川区的行政区域，江川区人民政府驻大街街道宁海路34号。
243,三十三、陕西省榆林市部分行政区划调整
244,撤销横山县，设立榆林市横山区，以原横山县的行政区域为横山区的行政区域，横山区人民政府驻横山街道北大街9号。
245,三十四、云南省盐津县人民政府驻地迁移
246,盐津县人民政府驻地由盐井镇政通路14号迁至盐井镇通和路7号。
247,三十五、黑龙江省撤销东宁县设立县级东宁市
248,撤销东宁县，设立县级东宁市，以原东宁县的行政区域为东宁市的行政区域，东宁市人民政府驻东宁镇通政路1号。东宁市由黑龙江省直辖，牡丹江市代管。
249,一、河北省张家口市部分行政区划调整
250,撤销张家口市宣化区和宣化县，设立新的张家口市宣化区，以原宣化区和宣化县的行政区域（不含沙岭子镇、大仓盖镇、姚家房镇、东望山乡）为新的宣化区的行政区域，宣化区人民政府驻建国街街道永安街8号。
251,撤销万全县，设立张家口市万全区，以原万全县的行政区域为万全区的行政区域，万全区人民政府驻孔家庄镇民主街2号。
252,撤销崇礼县，设立张家口市崇礼区，以原崇礼县的行政区域为崇礼区的行政区域，崇礼区人民政府驻西湾子镇长青路30号。
253,将原宣化县的大仓盖镇、东望山乡划归张家口市桥东区管辖，将原宣化县的沙岭子镇、姚家房镇划归张家口市桥西区管辖。
254,二、辽宁省沈阳市部分行政区划调整
255,撤销辽中县，设立沈阳市辽中区，以原辽中县的行政区域为辽中区的行政区域，辽中区人民政府驻蒲东街道滨水路26号。
256,三、山东省菏泽市部分行政区划调整
257,撤销定陶县，设立菏泽市定陶区，以原定陶县的行政区域为定陶区的行政区域，定陶区人民政府驻天中街道陶朱公大街939号。
258,四、西藏自治区撤销山南地区设立地级山南市
259,撤销山南地区和乃东县，设立地级山南市。山南市人民政府驻新设立的乃东区乃东路13号。
260,山南市设立乃东区，以原乃东县的行政区域为乃东区的行政区域。乃东区人民政府驻泽当镇英雄路21号。
261,山南市辖原山南地区的扎囊县、贡嘎县、桑日县、琼结县、曲松县、措美县、洛扎县、加查县、隆子县、错那县、浪卡子县和新设立的乃东区。
262,五、新疆维吾尔自治区撤销哈密地区设立地级哈密市
263,撤销哈密地区和县级哈密市，设立地级哈密市。哈密市人民政府驻新设立的伊州区建国南路19号。
264,哈密市设立伊州区，以原县级哈密市的行政区域为伊州区的行政区域。伊州区人民政府驻东河区街道广东路2号。
265,哈密市辖原哈密地区的巴里坤哈萨克自治县、伊吾县和新设立的伊州区。
266,六、新疆维吾尔自治区设立县级昆玉市
267,设立县级昆玉市。昆玉市人民政府驻昆玉大道玉枣路1号。
268,昆玉市由新疆维吾尔自治区直辖，管理方式按有关文件规定执行。
269,七、安徽省人民政府驻地迁移
270,安徽省人民政府由合肥市庐阳区长江路221号迁移至合肥市包河区中山路1号。
271,八、黑龙江省撤销抚远县设立县级抚远市
272,撤销抚远县，设立县级抚远市，以原抚远县的行政区域为抚远市的行政区域，抚远市人民政府驻抚远镇长江路111号。抚远市由黑龙江省直辖，佳木斯市代管。
273,九、辽宁省盘锦市部分行政区划调整
274,撤销大洼县，设立盘锦市大洼区，以原大洼县的行政区域为大洼区的行政区域，大洼区人民政府驻大洼镇红海滩大街66号。
275,十、云南省曲靖市部分行政区划调整
276,撤销沾益县，设立曲靖市沾益区，以原沾益县的行政区域为沾益区的行政区域，沾益区人民政府驻西平镇龙华东路78号。
277,十一、广西壮族自治区柳州市部分行政区划调整
278,撤销柳江县，设立柳州市柳江区，以原柳江县的行政区域为柳江区的行政区域，柳江区人民政府驻拉堡镇柳北路45号。
279,十二、贵州省遵义市部分行政区划调整
280,撤销遵义县，设立遵义市播州区，以原遵义县（不含山盆镇、芝麻镇、沙湾镇、毛石镇、松林镇、新舟镇、虾子镇、三渡镇、永乐镇、喇叭镇）的行政区域为播州区的行政区域，播州区人民政府驻南白镇西大街53号。
281,将原遵义县的山盆镇、芝麻镇、沙湾镇、毛石镇、松林镇划归遵义市汇川区管辖。
282,将原遵义县的新舟镇、虾子镇、三渡镇、永乐镇、喇叭镇和遵义市汇川区的北京路街道划归遵义市红花岗区管辖。
283,十三、四川省绵阳市部分行政区划调整
284,撤销安县，设立绵阳市安州区，以原安县的行政区域为安州区的行政区域，安州区人民政府驻花荄镇银河大道8号。
285,十四、江西省九江市部分行政区划调整
286,撤销星子县，设立县级庐山市，将九江市庐山区牯岭镇划归庐山市管辖。以原星子县和庐山区牯岭镇的行政区域为庐山市的行政区域，庐山市人民政府驻南康镇紫阳南路45号。庐山市由江西省直辖，九江市代管。
287,将九江市庐山区更名为濂溪区。
288,十五、河北省人民政府驻地迁移
289,河北省人民政府驻地由石家庄市桥西区维明南大街46号迁至石家庄市长安区裕华东路113号。
290,十六、四川省变更县级简阳市代管关系
291,将资阳市代管的县级简阳市改由成都市代管。
292,十七、上海市部分行政区划调整
293,撤销崇明县，设立上海市崇明区，以原崇明县的行政区域为崇明区的行政区域，崇明区人民政府驻城桥镇人民路68号。
294,十八、天津市部分行政区划调整
295,撤销蓟县，设立天津市蓟州区，以原蓟县的行政区域为蓟州区的行政区域，蓟州区人民政府驻文昌街街道府前街2号。
296,十九、重庆市部分行政区划调整
297,撤销开县，设立重庆市开州区，以原开县的行政区域为开州区的行政区域，开州区人民政府驻汉丰街道开州大道中段233号。
298,二十、江苏省淮安市部分行政区划调整
299,撤销淮安市清河区、清浦区，设立淮安市清江浦区，以原清河区、清浦区的行政区域为清江浦区的行政区域，清江浦区人民政府驻城南乡淮海南路268号。
300,撤销洪泽县，设立淮安市洪泽区，以原洪泽县的行政区域为洪泽区的行政区域，洪泽区人民政府驻高良涧街道东九道26号。
301,二十一、广西壮族自治区贺州市部分行政区划调整
302,设立贺州市平桂区，将贺州市八步区的黄田镇、鹅塘镇、沙田镇、公会镇、水口镇、望高镇、羊头镇、大平瑶族乡、西湾街道划归平桂区管辖，以黄田镇、鹅塘镇、沙田镇、公会镇、水口镇、望高镇、羊头镇、大平瑶族乡、西湾街道的行政区域为平桂区的行政区域，平桂区人民政府驻西湾街道平桂大道1号。
303,二十二、内蒙古自治区鄂尔多斯市部分行政区划调整
304,设立鄂尔多斯市康巴什区，将鄂尔多斯市东胜区的哈巴格希街道、青春山街道、滨河街道划归康巴什区管辖，以哈巴格希街道、青春山街道、滨河街道的行政区域为康巴什区行政区域，康巴什区人民政府驻滨河街道鄂尔多斯东街10号。
305,二十三、河北省衡水市部分行政区划调整
306,撤销县级冀州市，设立衡水市冀州区，以原冀州市的行政区域为冀州区的行政区域，冀州区人民政府驻冀州镇冀新西路239号。
307,二十四、陕西省延安市部分行政区划调整
308,撤销安塞县，设立延安市安塞区，以原安塞县的行政区域为安塞区的行政区域，安塞区人民政府驻真武洞街道真武街1号。
309,二十五、山东省东营市部分行政区划调整
310,撤销垦利县，设立东营市垦利区，以原垦利县的行政区域为垦利区的行政区域，垦利区人民政府驻垦利街道盛兴路16号。
311,二十六、云南省撤销泸水县设立县级泸水市
312,撤销泸水县，设立县级泸水市，以原泸水县的行政区域为泸水市的行政区域，泸水市人民政府驻六库镇龙江路1号。泸水市由怒江傈僳族自治州管辖。
313,二十七、山东省济南市部分行政区划调整
314,撤销县级章丘市，设立济南市章丘区，以原县级章丘市的行政区域为章丘区的行政区域，章丘区人民政府驻双山街道府前大道287号。
315,二十八、江西省赣州市部分行政区划调整
316,撤销赣县，设立赣州市赣县区，以原赣县的行政区域为赣县区的行政区域，赣县区人民政府驻梅林镇梅林大街5号。
317,二十九、河北省邯郸市部分行政区划调整
318,撤销肥乡县，设立邯郸市肥乡区，以原肥乡县的行政区域为肥乡区的行政区域，肥乡区人民政府驻肥乡镇广安东路1号。
319,撤销永年县，设立邯郸市永年区，以原永年县的行政区域（不含南沿村镇、小西堡乡、姚寨乡）为永年区的行政区域，永年区人民政府驻临洺关镇洺州大道25号。
320,撤销邯郸县，将原邯郸县河沙镇镇、南堡乡、代召乡划归邯郸市邯山区管辖，将原邯郸县尚璧镇、南吕固乡、兼庄乡、三陵乡划归邯郸市丛台区管辖。
321,将磁县高臾镇、光禄镇、辛庄营乡、花官营乡、台城乡划归邯郸市邯山区管辖，将磁县林坛镇、南城乡划归邯郸市复兴区管辖，将原永年县南沿村镇、小西堡乡、姚寨乡划归邯郸市丛台区管辖。
322,三十、浙江省宁波市部分行政区划调整
323,撤销宁波市江东区，将原江东区管辖的行政区域划归宁波市鄞州区管辖。
324,将鄞州区的集士港镇、古林镇、高桥镇、横街镇、鄞江镇、洞桥镇、章水镇、龙观乡、石碶街道划归宁波市海曙区管辖。
325,撤销县级奉化市，设立宁波市奉化区，以原县级奉化市的行政区域为奉化区的行政区域，奉化区人民政府驻锦屏街道锦屏南路1号。
326,三十一、广东省设立深圳市龙华区和坪山区
327,设立深圳市龙华区，将深圳市宝安区的龙华街道、大浪街道、民治街道、观湖街道、福城街道、观澜街道划归龙华区管辖，以龙华街道、大浪街道、民治街道、观湖街道、福城街道、观澜街道的行政区域为龙华区的行政区域，龙华区人民政府驻观澜街道广场沿河路1号。
328,设立深圳市坪山区，将深圳市龙岗区的坪山街道、坑梓街道划归坪山区管辖，以坪山街道、坑梓街道的行政区域为坪山区的行政区域，坪山区人民政府驻坪山街道深汕公路333号。
329,三十二、浙江省杭州市人民政府驻地迁移
330,杭州市人民政府驻地由拱墅区环城北路318号迁移至江干区解放东路18号。
331,三十三、重庆市部分行政区划调整
332,撤销梁平县，设立重庆市梁平区，以原梁平县的行政区域为梁平区的行政区域，梁平区人民政府驻梁山街道桂西路6号。
333,撤销武隆县，设立重庆市武隆区，以原武隆县的行政区域为武隆区的行政区域，武隆区人民政府驻巷口镇芙蓉中路9号。
334,三十四、四川省成都市部分行政区划调整
335,撤销郫县，设立成都市郫都区，以原郫县的行政区域为郫都区的行政区域，郫都区人民政府驻郫筒街道望丛中路998号。
336,三十五、云南省昆明市部分行政区划调整
337,撤销晋宁县，设立昆明市晋宁区，以原晋宁县的行政区域为晋宁区的行政区域，晋宁区人民政府驻昆阳街道郑和路365号。
338,三十六、陕西省西安市部分行政区划调整
339,撤销户县，设立西安市鄠邑区，以原户县的行政区域为鄠邑区的行政区域，鄠邑区人民政府驻甘亭街道东大街7号。
340,三十七、河南省许昌市部分行政区划调整
341,撤销许昌县，设立许昌市建安区，以原许昌县的行政区域为建安区的行政区域，建安区人民政府驻将官池镇新许路15号。
342,三十八、广西壮族自治区河池市部分行政区划调整
343,撤销宜州市，设立河池市宜州区，以原宜州市的行政区域为宜州区的行政区域，宜州区人民政府驻庆远镇金宜大道378号。
344,河池市人民政府由金城江区百旺路17号迁至宜州区中山大道6号。
345,三十九、江西省抚州市部分行政区划调整
346,撤销东乡县，设立抚州市东乡区，以原东乡县的行政区域为东乡区的行政区域，东乡区人民政府驻孝岗镇子山路188号。
347,一、河北省撤销平泉县设立县级平泉市
348,撤销平泉县，设立县级平泉市，以原平泉县的行政区域为平泉市的行政区域，平泉市人民政府驻平泉镇府前街17号。平泉市由河北省直辖，承德市代管。
349,二、浙江省撤销玉环县设立县级玉环市
350,撤销玉环县，设立县级玉环市，以原玉环县的行政区域为玉环市的行政区域，玉环市人民政府驻玉城街道东城路6号。玉环市由浙江省直辖，台州市代管。
351,三、陕西省撤销神木县设立县级神木市
352,撤销神木县，设立县级神木市，以原神木县的行政区域为神木市的行政区域，神木市人民政府驻神木镇府阳路1号。神木市由陕西省直辖，榆林市代管。
353,四、四川省撤销隆昌县设立县级隆昌市
354,撤销隆昌县，设立县级隆昌市，以原隆昌县的行政区域为隆昌市的行政区域，隆昌市人民政府驻古湖街道大东街64号。隆昌市由四川省直辖，内江市代管。
355,五、湖南省撤销宁乡县设立县级宁乡市
356,撤销宁乡县，设立县级宁乡市，以原宁乡县的行政区域为宁乡市的行政区域，宁乡市人民政府驻玉潭街道金洲大道5段398号。宁乡市由湖南省直辖，长沙市代管。
357,六、贵州省撤销盘县设立县级盘州市
358,撤销盘县，设立县级盘州市，以原盘县的行政区域为盘州市的行政区域，盘州市人民政府驻亦资街道凤鸣北路1号。盘州市由贵州省直辖，六盘水市代管。
359,七、山西省人民政府驻地迁移
360,山西省人民政府驻地由太原市杏花岭区府东街101号迁至太原市小店区长风街30号。
361,八、浙江省杭州市部分行政区划调整
362,撤销县级临安市，设立杭州市临安区，以原临安市的行政区域为临安区的行政区域，临安区人民政府驻锦城街道衣锦街398号。
363,九、福建省福州市部分行政区划调整
364, 撤销县级长乐市，设立福州市长乐区，以原长乐市的行政区域为长乐区的行政区域，长乐区人民政府驻吴航街道解放路27号。
365,十、江西省九江市部分行政区划调整
366,撤销九江县，设立九江市柴桑区，以原九江县的行政区域为柴桑区的行政区域，柴桑区人民政府驻沙河街镇庐山北路168号。
367,十一、山东省青岛市部分行政区划调整
368,撤销县级即墨市，设立青岛市即墨区，以原即墨市的行政区域为即墨区的行政区域，即墨区人民政府驻通济街道振华街140号。
369,十二、四川省德阳市部分行政区划调整
370,撤销罗江县，设立德阳市罗江区，以原罗江县的行政区域为罗江区的行政区域，罗江区人民政府驻万安镇景乐北路88号。
371,十三、西藏自治区拉萨市部分行政区划调整
372,撤销达孜县，设立拉萨市达孜区，以原达孜县的行政区域为达孜区的行政区域，达孜区人民政府驻德庆镇德庆中路21号。
373,十四、陕西省汉中市部分行政区划调整
374,撤销南郑县，设立汉中市南郑区，以原南郑县的行政区域为南郑区的行政区域，南郑区人民政府驻汉山街道西大街24号。
375,十五、西藏自治区撤销那曲地区设立地级那曲市
376,撤销那曲地区和那曲县，设立地级那曲市，市人民政府驻新设立的色尼区浙江西路3号。
377,那曲市设立色尼区，以原那曲县的行政区域为色尼区的行政区域，区人民政府驻那曲镇文化西路26号。
378,那曲市辖原那曲地区的聂荣县、安多县、巴青县、索县、比如县、嘉黎县、尼玛县、班戈县、申扎县、双湖县和新设立的色尼区。
379,一、山西省大同市部分行政区划调整
380,撤销大同市城区、南郊区、矿区。
381,设立大同市平城区，以原城区的南关街道、北关街道、东街街道、西街街道、南街街道、北街街道、新建南路街道、新建北路街道、大庆路街道、新华街街道、向阳里街道、振华南街街道，原南郊区的水泊寺乡、新旺乡、马军营乡的行政区域为平城区的行政区域。平城区人民政府驻向阳里街道迎宾街118号。
382,设立大同市云冈区，以原城区的西花园街道、老平旺街道，原南郊区的高山镇、云冈镇、口泉乡、平旺乡、西韩岭乡、鸦儿崖乡，原矿区的行政区域为云冈区的行政区域，云冈区人民政府驻口泉乡五一街106号。
383,将南郊区古店镇划归新荣区管辖。
384,撤销大同县，设立大同市云州区，以原大同县的行政区域为云州区的行政区域，云州区人民政府驻西坪镇坪邑东街1号。
385,二、江西省鹰潭市部分行政区划调整
386,撤销余江县，设立鹰潭市余江区，以原余江县的行政区域为余江区的行政区域，余江区人民政府驻邓埠镇鹰南大道1号。
387,三、云南省曲靖市部分行政区划调整
388,撤销马龙县，设立曲靖市马龙区，以原马龙县的行政区域为马龙区的行政区域，马龙区人民政府驻通泉街道龙泉北路96号。
389,四、广东省设立深圳市光明区
390,设立深圳市光明区，将深圳市宝安区的光明街道、公明街道、新湖街道、凤凰街道、玉塘街道、马田街道划归光明区管辖，以光明街道、公明街道、新湖街道、凤凰街道、玉塘街道、马田街道的行政区域为光明区的行政区域，光明区人民政府驻光明街道广场路1号。
391,五、山西省泽州县人民政府驻地迁移
392,泽州县人民政府由现驻地迁至金村镇府城街001号。
393,六、山西省撤销怀仁县设立县级怀仁市
394,撤销怀仁县，设立县级怀仁市，以原怀仁县的行政区域为怀仁市的行政区域，怀仁市人民政府驻云中镇怀安大街8号。怀仁市由山西省直辖，朔州市代管。
395,七、陕西省撤销彬县设立县级彬州市
396,撤销彬县，设立县级彬州市，以原彬县的行政区域为彬州市的行政区域，彬州市人民政府驻城关街道西大街51号。彬州市由陕西省直辖，咸阳市代管。
397,八、青海省撤销茫崖行政委员会和冷湖行政委员会设立县级茫崖市
398,撤销茫崖行政委员会和冷湖行政委员会，设立县级茫崖市，以原茫崖行政委员会和冷湖行政委员会所辖区域为茫崖市的行政区域，茫崖市人民政府驻花土沟镇民族路60号。茫崖市由海西蒙古族藏族自治州管辖。
399,九、江苏省撤销海安县设立县级海安市
400,撤销海安县，设立县级海安市，以原海安县的行政区域为海安市的行政区域，海安市人民政府驻中城街道长江中路106号。海安市由江苏省直辖，南通市代管。
401,十、黑龙江省撤销漠河县设立县级漠河市
402,撤销漠河县，设立县级漠河市，以原漠河县的行政区域为漠河市的行政区域，漠河市人民政府驻西林吉镇中华路21号。
403,十一、湖北省撤销京山县设立县级京山市
404,撤销京山县，设立县级京山市，以原京山县的行政区域为京山市的行政区域，京山市人民政府驻新市镇城中路473号。京山市由湖北省直辖，荆门市代管。
405,十二、山东省济南市部分行政区划调整
406,撤销济阳县，设立济南市济阳区，以原济阳县的行政区域为济阳区的行政区域，济阳区人民政府驻济北街道开元大街129号。
407,十三、山西省长治市部分行政区划调整
408,撤销城区、郊区，合并设立长治市潞州区，以原城区和原郊区的行政区域为潞州区的行政区域，潞州区人民政府驻太行东街街道太行东街66号。
409,撤销长治县，设立长治市上党区，以原长治县的行政区域为上党区的行政区域，上党区人民政府驻韩店镇迎宾西街295号。
410,撤销屯留县，设立长治市屯留区，以原屯留县的行政区域为屯留区的行政区域，屯留区人民政府驻麟绛镇东大街51号。
411,撤销潞城市，设立长治市潞城区，以原潞城市的行政区域为潞城区的行政区域，潞城区人民政府驻潞华街道城内正街16号。
412,十四、湖南省株洲市部分行政区划调整
413,撤销株洲县，设立株洲市渌口区，以原株洲县的行政区域为渌口区的行政区域，渌口区人民政府驻渌口镇学堂路1号。
414,十五、四川省宜宾市部分行政区划调整
415,撤销宜宾县，设立宜宾市叙州区，以原宜宾县（不含孔滩镇、王场镇、白花镇、永兴镇、双谊镇）和翠屏区南岸街道、赵场街道、南广镇行政区域为叙州区的行政区域，叙州区人民政府驻柏溪镇县府街123号。
416,将原宜宾县的孔滩镇、王场镇、白花镇、永兴镇、双谊镇划归翠屏区管辖。
417,十六、河北省撤销滦县设立县级滦州市
418,撤销滦县，设立县级滦州市，以原滦县的行政区域为滦州市的行政区域，滦州市人民政府驻滦河街道滦河西路3号。滦州市由河北省直辖，唐山市代管。
419,十七、安徽省撤销潜山县设立县级潜山市
420,撤销潜山县，设立县级潜山市，以原潜山县的行政区域为潜山市行政区域，潜山市人民政府驻梅城镇潜阳路370号。潜山市由安徽省直辖，安庆市代管。
421,十八、山东省撤销邹平县设立县级邹平市
422,撤销邹平县，设立县级邹平市，以原邹平县的行政区域为邹平市行政区域，邹平市人民政府驻黄山街道鹤伴二路567号。邹平市由山东省直辖，滨州市代管。
423,十九、广西壮族自治区撤销荔浦县设立县级荔浦市
424,撤销荔浦县，设立县级荔浦市，以原荔浦县的行政区域为荔浦市的行政区域，荔浦市人民政府驻荔城镇滨江路6号。荔浦市由广西壮族自治区直辖，桂林市代管。
425,二十、贵州省撤销兴仁县设立县级兴仁市
426,撤销兴仁县，设立县级兴仁市，以原兴仁县的行政区域为兴仁市的行政区域，兴仁市人民政府驻城北街道民主路20号。兴仁市由黔西南布依族苗族自治州管辖。
427,二十一、云南省撤销水富县设立县级水富市
428,撤销水富县，设立县级水富市，以原水富县的行政区域为水富市的行政区域，水富市人民政府驻云富街道人民东路3号。水富市由云南省直辖，昭通市代管。
429,二十二、甘肃省撤销华亭县设立县级华亭市
430,撤销华亭县，设立县级华亭市，以原华亭县的行政区域为华亭市的行政区域，华亭市人民政府驻东华镇东大街529号。华亭市由甘肃省直辖，平凉市代管。
431,二十三、北京市人民政府驻地迁移
432,北京市人民政府驻地由东城区正义路2号迁至通州区运河东大街57号。
433,二十四、山东省济南市莱芜市行政区划调整
434,撤销地级莱芜市，将其所辖区域划归济南市管辖。设立济南市莱芜区，以原莱芜市莱城区的行政区域为莱芜区的行政区域，莱芜区人民政府驻凤城街道凤城西大街148号；设立济南市钢城区，以原莱芜市钢城区的行政区域为钢城区的行政区域，钢城区人民政府驻艾山街道府前大街27号。
435,一、江西省上饶市部分行政区划调整
436,撤销上饶县，设立上饶市广信区，以原上饶县的行政区域为广信区的行政区域，广信区人民政府驻旭日街道吉阳西路1号。
437,二、山东省聊城市部分行政区划调整
438,撤销茌平县，设立聊城市茌平区，以原茌平县的行政区域为茌平区的行政区域，茌平区人民政府驻振兴街道中心街5226号。
439,三、河南省周口市部分行政区划调整
440,撤销淮阳县，设立周口市淮阳区，以原淮阳县的行政区域为淮阳区的行政区域，淮阳区人民政府驻城关回族镇朱家街130号。
441,四、广西壮族自治区百色市部分行政区划调整
442,撤销田阳县，设立百色市田阳区，以原田阳县的行政区域为田阳区的行政区域。田阳区人民政府驻田州镇解放中路42号。
443,五、黑龙江省伊春市部分行政区划调整
444,撤销伊春市乌伊岭区、汤旺河区，设立汤旺县，以原乌伊岭区、汤旺河区的行政区域为汤旺县的行政区域，汤旺县人民政府驻东风大街102号。汤旺县由伊春市管辖。
445,撤销伊春市新青区、红星区、五营区，设立丰林县，以原新青区、红星区、五营区的行政区域为丰林县的行政区域，丰林县人民政府驻光明大街1号。丰林县由伊春市管辖。
446,撤销伊春市带岭区，设立大箐山县，以原带岭区的行政区域为大箐山县的行政区域，大箐山县人民政府驻兴林街198号。大箐山县由伊春市管辖。
447,将县级铁力市的朗乡镇划归大箐山县管辖。
448,撤销伊春市南岔区，设立南岔县，以原南岔区的行政区域为南岔县的行政区域，南岔县人民政府驻联合街96号。南岔县由伊春市管辖。
449,撤销伊春市乌马河区、伊春区、美溪区，设立伊春市伊美区，以原乌马河区部分行政区域和原伊春区、美溪区的行政区域为伊美区的行政区域，伊美区人民政府驻新兴中大街20号。
450,撤销伊春市翠峦区，设立伊春市乌翠区，以原乌马河区剩余部分的行政区域和原翠峦区的行政区域为乌翠区的行政区域，乌翠区人民政府驻曙光街保安委888号。
451,撤销伊春市友好区、上甘岭区，设立新的伊春市友好区，以原友好区、上甘岭区的行政区域为新的友好区的行政区域，友好区人民政府驻和平路159号。
452,撤销伊春市西林区、金山屯区，设立伊春市金林区，以原西林区、金山屯区的行政区域为金林区的行政区域，金林区人民政府驻花园街1号。
453,六、安徽省撤销广德县设立县级广德市
454,撤销广德县，设立县级广德市，以原广德县的行政区域为广德市的行政区域，广德市人民政府驻桃州镇爱民路99号。广德市由安徽省直辖，宣城市代管。
455,七、湖南省撤销邵东县设立县级邵东市
456,撤销邵东县，设立县级邵东市，以原邵东县的行政区域为邵东市行政区域，邵东市人民政府驻大禾塘街道兴和大道288号。邵东市由湖南省直辖，邵阳市代管。
457,八、四川省撤销射洪县设立县级射洪市
458,撤销射洪县，设立县级射洪市，以原射洪县的行政区域为射洪市的行政区域，射洪市人民政府驻子昂街道人民街106号。射洪市由四川省直辖，遂宁市代管。
459,九、陕西省撤销子长县设立县级子长市
460,撤销子长县，设立县级子长市，以原子长县的行政区域为子长市的行政区域，子长市人民政府驻瓦窑堡街道安兴路46号。子长市由陕西省直辖，延安市代管。
461,十、河南省撤销长垣县设立县级长垣市
462,撤销长垣县，设立县级长垣市，以原长垣县的行政区域为长垣市行政区域，长垣市人民政府驻蒲西街道人民路368号。长垣市由河南省直辖，新乡市代管。
463,十一、黑龙江省撤销嫩江县设立县级嫩江市
464,撤销嫩江县，设立县级嫩江市，以原嫩江县的行政区域为嫩江市的行政区域，嫩江市人民政府驻嫩江镇清江路201号。嫩江市由黑龙江省直辖，黑河市代管。
465,十二、浙江省设立县级龙港市
466,撤销苍南县龙港镇，设立县级龙港市，以原龙港镇的行政区域为龙港市的行政区域，龙港市人民政府驻镇前路195号。龙港市由浙江省直辖，温州市代管。
467,十三、山西省晋中市部分行政区划调整
468,撤销太谷县，设立晋中市太谷区，以原太谷县的行政区域为太谷区的行政区域，太谷区人民政府驻明星镇箕城街202号。
469,十四、江西省南昌市部分行政区划调整
470,撤销南昌市湾里区，将其行政区域并入南昌市新建区。同意设立南昌市红谷滩区，将南昌市东湖区沙井街道、卫东街道和新建区生米镇划归红谷滩区管辖，以东湖区沙井街道、卫东街道和新建区生米镇的行政区域为红谷滩区的行政区域，红谷滩区人民政府驻沙井街道绿茵路669号。
471,十五、青海省西宁市部分行政区划调整
472,撤销湟中县，设立西宁市湟中区，以原湟中县的行政区域为湟中区的行政区域，湟中区人民政府驻鲁沙尔镇和平路133号。
473,十六、新疆维吾尔自治区设立县级胡杨河市
474,设立县级胡杨河市。胡杨河市人民政府驻光明东路8号。胡杨河市由新疆维吾尔自治区直辖，管理方式按有关文件规定执行。
475,十七、广西壮族自治区撤销平果县设立县级平果市
476,撤销平果县，设立县级平果市，以原平果县的行政区域为平果市的行政区域，平果市人民政府驻马头镇铝城大道1780-6号。平果市由广西壮族自治区直辖，百色市代管。
477,十八、新疆维吾尔自治区撤销库车县设立县级库车市
478,撤销库车县，设立县级库车市，以原库车县的行政区域为库车市行政区域，库车市人民政府驻新城街道办事处文化东路150号。
479,十九、云南省撤销澄江县设立县级澄江市
480,撤销澄江县，设立县级澄江市，以原澄江县的行政区域为澄江市的行政区域，澄江市人民政府驻凤麓街道凤翔路北26号。澄江市由云南省直辖，玉溪市代管。
481,二十、安徽省撤销无为县设立县级无为市
482,撤销无为县，设立县级无为市，以原无为县的行政区域为无为市的行政区域，无为市人民政府驻无城镇二坝路1号。无为市由安徽省直辖，芜湖市代管。
483,一、新疆维吾尔自治区铁门关市与巴音郭楞蒙古自治州和静县、焉耆回族自治县、博湖县、和硕县、若羌县、且末县行政区划调整
484,将巴音郭楞蒙古自治州和静县、焉耆回族自治县、博湖县、和硕县、若羌县、且末县的部分区域划归铁门关市管辖。
485,二、海南省三沙市设立市辖区
486,海南省三沙市设立西沙区、南沙区。三沙市西沙区管辖西沙群岛的岛礁及其海域，代管中沙群岛的岛礁及其海域，西沙区人民政府驻永兴岛。三沙市南沙区管辖南沙群岛的岛礁及其海域，南沙区人民政府驻永暑礁。
487,三、河北省邢台市部分行政区划调整
488,邢台市桥东区更名为襄都区。襄都区人民政府驻南长街街道顺德路229号。
489,邢台市桥西区更名为信都区。
490,撤销邢台县，将原邢台县的豫让桥街道、晏家屯镇、祝村镇、东汪镇划归邢台市襄都区管辖，将原邢台县的南石门镇、羊范镇、皇寺镇、会宁镇、西黄村镇、路罗镇、将军墓镇、浆水镇、宋家庄镇、太子井乡、龙泉寺乡、北小庄乡、城计头乡、白岸乡、冀家村乡划归邢台市信都区管辖。
491,撤销任县，设立邢台市任泽区，以原任县的行政区域为任泽区的行政区域。任泽区人民政府驻任城镇人民街389号。
492,撤销南和县，设立邢台市南和区，以原南和县的行政区域为南和区的行政区域。南和区人民政府驻和阳镇和阳大街285号。
493,四、江苏省南通市部分行政区划调整
494,撤销崇川区、港闸区，设立新的南通市崇川区，以原崇川区、港闸区的行政区域为新的崇川区的行政区域。崇川区人民政府驻虹桥街道桃坞路44号。
495,撤销海门市，设立南通市海门区，以原海门市的行政区域为海门区的行政区域。海门区人民政府驻海门街道北京中路600号。
496,五、安徽省芜湖市部分行政区划调整
497,撤销芜湖市三山区、弋江区，设立新的芜湖市弋江区，以原三山区和原弋江区的行政区域为新的弋江区的行政区域，弋江区人民政府驻利民路街道利民西路418号。
498,撤销芜湖县，设立芜湖市湾沚区，以原芜湖县的行政区域为湾沚区的行政区域，湾沚区人民政府驻湾沚镇芜湖南路9号。
499,撤销繁昌县，设立芜湖市繁昌区，以原繁昌县的行政区域为繁昌区的行政区域，繁昌区人民政府驻繁阳镇繁阳大道1号。
500,六、山东省烟台市部分行政区划调整
501,撤销蓬莱市、长岛县，设立烟台市蓬莱区，以原蓬莱市、长岛县的行政区域为蓬莱区的行政区域，蓬莱区人民政府驻登州街道钟楼东路1号。
502,七、四川省成都市部分行政区划调整
503,撤销新津县，设立成都市新津区，以原新津县的行政区域为新津区的行政区域。新津区人民政府驻五津街道模范街56号。
504,八、贵州省六盘水市部分行政区划调整
505,将水城县的保华镇、木果镇、南开苗族彝族乡、金盆苗族彝族乡、青林苗族彝族乡划归六盘水市钟山区管辖。
506,撤销水城县，设立六盘水市水城区。以原水城县的行政区域（不含保华镇、木果镇、南开苗族彝族乡、金盆苗族彝族乡、青林苗族彝族乡）为水城区的行政区域。水城区人民政府驻双水街道双水大道1号。
507,九、吉林省变更县级公主岭市代管关系
508,将四平市代管的县级公主岭市改由长春市代管。
509,十、新疆维吾尔自治区伊犁哈萨克自治州伊宁市与察布查尔锡伯自治县行政区划调整
510,将察布查尔锡伯自治县行政区域内的伊犁哈萨克自治州奶牛场大河灌区划归伊宁市管辖。
511,十一、江西省撤销龙南县设立县级龙南市
512,撤销龙南县，设立县级龙南市，以原龙南县的行政区域为龙南市行政区域，龙南市人民政府驻龙南镇龙翔大道1号。龙南市由江西省直辖，赣州市代管。
513,十二、青海省撤销同仁县设立县级同仁市
514,撤销同仁县，设立县级同仁市，以原同仁县的行政区域为同仁市行政区域，同仁市人民政府驻隆务镇德合隆中路1号。同仁市由黄南藏族自治州管辖。
515,十三、湖北省撤销监利县设立县级监利市
516,撤销监利县，设立县级监利市，以原监利县的行政区域为监利市行政区域，监利市人民政府驻容城镇荆台路一号。监利市由湖北省直辖，荆州市代管。
